{"loss": [3.445403814315796, 3.1708850860595703, 2.961292028427124, 2.770500898361206, 2.6204066276550293, 2.519707679748535, 2.428116798400879, 2.3485023975372314, 2.276747703552246, 2.224041223526001, 2.1757445335388184, 2.138927936553955, 2.1013033390045166, 2.0696465969085693, 2.0358495712280273, 2.004568099975586, 1.9736248254776], "accuracy": [0.07487019151449203, 0.11323707550764084, 0.1562415510416031, 0.19580340385437012, 0.2264314740896225, 0.25220856070518494, 0.27764421701431274, 0.30265310406684875, 0.3168788552284241, 0.3302510976791382, 0.3436233103275299, 0.35453444719314575, 0.36612844467163086, 0.37443631887435913, 0.3869549632072449, 0.39494985342025757, 0.4051070511341095], "val_loss": [3.288803815841675, 3.0114030838012695, 2.8230130672454834, 2.591538906097412, 2.492967128753662, 2.3750877380371094, 2.290117025375366, 2.2360026836395264, 2.221726894378662, 2.1521713733673096, 2.0461854934692383, 2.022733449935913, 2.0961246490478516, 1.9926679134368896, 1.9744242429733276, 1.882476806640625, 1.8994523286819458], "val_accuracy": [0.09702936559915543, 0.14972683787345886, 0.18597769737243652, 0.24624402821063995, 0.26895061135292053, 0.2975756824016571, 0.3190871775150299, 0.3314363658428192, 0.32910311222076416, 0.3499886095523834, 0.3744593560695648, 0.3846460282802582, 0.3539722263813019, 0.3959708511829376, 0.3984748423099518, 0.42835190892219543, 0.426132470369339]}