{"loss": [1.3723076581954956, 0.46277913451194763, 0.2769717574119568, 0.19014747440814972, 0.1401144564151764, 0.11145788431167603, 0.09226793050765991, 0.07892849296331406, 0.06434400379657745, 0.06002762168645859, 0.0523480623960495, 0.04528484120965004, 0.04673904553055763, 0.03784464672207832, 0.037410348653793335], "accuracy": [0.5976527333259583, 0.8532185554504395, 0.9110890030860901, 0.9376342296600342, 0.9534533023834229, 0.9638381004333496, 0.9697702527046204, 0.9743794202804565, 0.9790738821029663, 0.9806814193725586, 0.9832562804222107, 0.9851767420768738, 0.9850202798843384, 0.9883206486701965, 0.9881072640419006], "val_loss": [0.5391862392425537, 0.30279088020324707, 0.23822656273841858, 0.23315557837486267, 0.2046174854040146, 0.21079066395759583, 0.15639619529247284, 0.21095077693462372, 0.16472581028938293, 0.13372841477394104, 0.15136446058750153, 0.12801553308963776, 0.1791793256998062, 0.12464986741542816, 0.11959438025951385], "val_accuracy": [0.828761637210846, 0.9036535620689392, 0.9239130616188049, 0.9258479475975037, 0.9340997338294983, 0.9403596520423889, 0.9528226852416992, 0.9392784237861633, 0.9528796076774597, 0.963464617729187, 0.9578306674957275, 0.9648303985595703, 0.9532210230827332, 0.9645458459854126, 0.969155490398407]}