{"loss": [2.623438596725464, 1.944806694984436, 1.7175283432006836, 1.5699656009674072, 1.4475936889648438, 1.3590528964996338, 1.2903932332992554, 1.2364509105682373, 1.19577956199646, 1.1464825868606567, 1.1118422746658325, 1.0799380540847778, 1.0446940660476685, 1.03517484664917, 1.0091441869735718, 0.9812233448028564, 0.9682862162590027, 0.9480109214782715, 0.9336124658584595, 0.876926839351654, 0.8651131391525269, 0.8573458790779114, 0.8473786115646362, 0.8368694186210632, 0.8293492197990417, 0.8187985420227051, 0.8148627281188965, 0.8060055375099182, 0.8003308176994324, 0.7971809506416321, 0.778335690498352, 0.7666810750961304, 0.7642764449119568, 0.7584199905395508, 0.7540884613990784, 0.7506070137023926, 0.7475142478942871, 0.7444565296173096, 0.7360408306121826, 0.7273619771003723], "accuracy": [0.31155842542648315, 0.4379970133304596, 0.4897361099720001, 0.5286577939987183, 0.5637242794036865, 0.5859307050704956, 0.6028024554252625, 0.6178960204124451, 0.6293619871139526, 0.6440287232398987, 0.6552955508232117, 0.6625364422798157, 0.6765630841255188, 0.677686870098114, 0.6846148371696472, 0.6904900670051575, 0.6952415108680725, 0.7001351714134216, 0.7048438787460327, 0.7209758758544922, 0.7268795967102051, 0.7269649505615234, 0.7318016886711121, 0.7346041798591614, 0.7379329800605774, 0.7396685481071472, 0.739369809627533, 0.7442634701728821, 0.7443203926086426, 0.7484316229820251, 0.7543637752532959, 0.755999743938446, 0.7572515606880188, 0.7581762671470642, 0.7621594667434692, 0.7618180513381958, 0.7601251602172852, 0.7626146674156189, 0.7653887271881104, 0.7674656510353088], "val_loss": [2.3870632648468018, 2.7463181018829346, 1.6798821687698364, 1.3722178936004639, 2.71299409866333, 1.1777957677841187, 1.2737326622009277, 1.357800841331482, 1.044070839881897, 1.2855613231658936, 1.0078380107879639, 1.1894370317459106, 1.0329902172088623, 0.877554714679718, 0.8582993745803833, 0.8459932208061218, 0.9471288919448853, 1.0192677974700928, 0.9219269752502441, 0.7331085205078125, 0.694645345211029, 0.665047824382782, 0.6809446215629578, 0.6944496035575867, 0.6412941813468933, 0.6337566375732422, 0.6015616655349731, 0.6574234366416931, 0.6290050148963928, 0.6554881930351257, 0.556466281414032, 0.5481692552566528, 0.5462937951087952, 0.5383636951446533, 0.5244374871253967, 0.5773608684539795, 0.5653128027915955, 0.5755420923233032, 0.512160062789917, 0.5089079737663269], "val_accuracy": [0.335818350315094, 0.28317779302597046, 0.4926018714904785, 0.5918506979942322, 0.3250056803226471, 0.6394263505935669, 0.6167197823524475, 0.5802981853485107, 0.6763032078742981, 0.6028340458869934, 0.6879125833511353, 0.6370931267738342, 0.6787502765655518, 0.7260414361953735, 0.7446506023406982, 0.7369109988212585, 0.7024242877960205, 0.6718074083328247, 0.715740978717804, 0.7752105593681335, 0.7865923047065735, 0.7900068163871765, 0.7913157343864441, 0.7768608927726746, 0.8016161918640137, 0.7990553379058838, 0.8081037998199463, 0.7891532182693481, 0.8000227808952332, 0.7876166701316833, 0.8266560435295105, 0.8256886005401611, 0.8284202218055725, 0.8280787467956543, 0.8349078297615051, 0.8193148374557495, 0.8247780799865723, 0.8201684355735779, 0.8380377888679504, 0.8396312594413757], "lr": [9.999999747378752e-05, 9.999999747378752e-05, 9.999999747378752e-05, 9.999999747378752e-05, 9.999999747378752e-05, 9.999999747378752e-05, 9.999999747378752e-05, 9.999999747378752e-05, 9.999999747378752e-05, 9.999999747378752e-05, 9.999999747378752e-05, 9.999999747378752e-05, 9.999999747378752e-05, 9.999999747378752e-05, 9.999999747378752e-05, 9.999999747378752e-05, 9.999999747378752e-05, 9.999999747378752e-05, 9.999999747378752e-05, 4.999999873689376e-05, 4.999999873689376e-05, 4.999999873689376e-05, 4.999999873689376e-05, 4.999999873689376e-05, 4.999999873689376e-05, 4.999999873689376e-05, 4.999999873689376e-05, 4.999999873689376e-05, 4.999999873689376e-05, 4.999999873689376e-05, 2.499999936844688e-05, 2.499999936844688e-05, 2.499999936844688e-05, 2.499999936844688e-05, 2.499999936844688e-05, 2.499999936844688e-05, 2.499999936844688e-05, 2.499999936844688e-05, 1.249999968422344e-05, 1.249999968422344e-05]}